{"cameraMode":{"drawMode":0,"name":"Shaded","section":"Shading Mode"},"sceneLighting":true,"audioPlay":false,"sceneViewState":{"showFog":true,"showMaterialUpdate":false,"showSkybox":true,"showFlares":true,"showImageEffects":true,"showParticleSystems":true},"in2DMode":false,"pivot":{"x":0.06937861442565918,"y":2.7135744094848635,"z":-4.410379886627197},"rotation":{"x":-0.059615928679704669,"y":-0.33413833379745486,"z":0.021182460710406305,"w":-0.9403982162475586},"size":5.760575294494629,"orthographic":false}