{"cameraMode":{"drawMode":0,"name":"Shaded","section":"Shading Mode"},"sceneLighting":true,"audioPlay":false,"sceneViewState":{"showFog":true,"showMaterialUpdate":false,"showSkybox":true,"showFlares":true,"showImageEffects":true,"showParticleSystems":true},"in2DMode":false,"pivot":{"x":-0.025685235857963563,"y":-0.2081456184387207,"z":-0.043720245361328128},"rotation":{"x":-0.10212653130292893,"y":0.009546821005642414,"z":-0.0009801804553717375,"w":-0.9947255253791809},"size":14.25678825378418,"orthographic":false}