{"cameraMode":{"drawMode":0,"name":"Shaded","section":"Shading Mode"},"sceneLighting":true,"audioPlay":false,"sceneViewState":{"showFog":true,"showMaterialUpdate":false,"showSkybox":true,"showFlares":true,"showImageEffects":true,"showParticleSystems":true},"in2DMode":false,"pivot":{"x":363.1021423339844,"y":-103.04498291015625,"z":1016.096923828125},"rotation":{"x":-0.10212653130292893,"y":0.009546821005642414,"z":-0.0009801804553717375,"w":-0.9947255253791809},"size":2107.980224609375,"orthographic":false}